color,material,style,size,keywords
wt,wf,toc,m,
wt,f,ucao,ml,
a,f,ou,l,
a,fp,mo,l,
wa,fp,uf,ml,f
wa,fp,ma,l,
wt,fm,um,l,f
wt,f,ou,ml,
a,fp,ou,sm,
a,wf,ou,sm,
wt,fp,ohm,m,
w,fp,ma,m,
wt,f,m,ml,
n,fp,no,sm,
a,fh,ou,ml,
a,fp,mo,m,
wt,fp,mo,l,t
cb,fpul,cr,m,t
b,fpul,cr,m,t
cb,ful,uof,l,t
wa,fp,cm,sm,
t,l,ou,m,t
b,i,t,s,
n,f,no,sm,
wt,fp,mo,m,f
wt,wf,ou,sm,
a,wf,ou,sm,
wa,fp,no,sm,
w,f,mn,sm,
w,fp,nhog,sm,f
a,fp,ou,sm,
ab,f,ut,l,
wt,f,ou,lm,
wt,f,mo,lm,
wt,f,o,lm,
n,fr,mn,lm,
wt,f,mc,lm,
wt,f,mc,lm,
a,wf,ou,lm,
a,fp,mon,sm,
wa,f,mo,m,
y,f,mnt,m,
wa,f,ou,ml,
na,f,mo,m,
a,fp,ma,s,
a,wf,ou,s,
wb,f,man,sm,
c,l,mofr,sm,
c,l,mfnr,sm,
wt,fp,um,sm,
w,wf,oua,s,
wa,f,mo,s,
w,fp,mn,ml,
cor,fp,mu,l,
a,fp,mnt,ml,
n,f,o,ml,
a,f,ot,ml,
a,fp,mnt,ml,
w,fp,mn,ml,
gn,fv,mgn,m,
wa,fp,tn,m,
rpm,fpv,m,m,
tc,fpv,mbn,m,
gy,f,,sm,
y,fv,t,sm,
mw,fv,n,sm,f
wtc,wa,rf,m,o
n,f,o,m,
a,f,m,m,
ab,f,mo,m,
ab,f,mu,ml,
w,fp,mo,ml,
ab,f,mu,ml,
g,f,mo,m,
wt,fp,m,m,f
wa,f,ou,m,
a,f,ou,m,
a,f,ou,m,
wt,f,ou,m,
wac,w,r,ml,
wn,m,ic,m,
n,wf,no,sm,
w,f,mu,m,
c,l,nim,sm,
ba,f,ou,lm,
c,l,mr,m,
c,l,mor,m,
w,f,ma,lm,
w,f,ou,m,
c,l,no,m,
bc,pul,ut,m,t
ba,l,ou,ml,t
bc,ful,mo,ml,t
n,fp,uan,m,f
a,ful,mo,m,t
a,l,mu,m,t
a,fp,mu,m,f
bc,pul,ou,ml,t
c,wm,m,m,o
a,erc,min,m,o
a,k,rf,m,o
w,fm,mof,ms,f
w,v,t,m,f
c,w,rba,ml,o
w,dm,min,m,o
ba,m,fbi,m,o
t,w,mb,m,o
ca,kga,o,sm,o
a,k,mba,sm,o
ca,w,ir,m,o
wa,w,mb,m,f
t,wm,iun,sm,
w,mb,mo,sm,f
wac,w,fm,m,
wa,m,mo,s,o
ct,w,m,sm,
ca,k,ou,sm,o
wab,cm,i,s,
bc,w,im,s,
c,w,mc,m,
ca,w,ir,m,
ba,w,ir,m,
ba,wgm,ir,m,
b,w,rug,m,
c,w,ur,ml,f
ta,wm,mt,m,
b,w,mo,ml,
c,wg,tm,l,f
wc,wg,rf,ml,f
c,wg,tr,m,f
c,w,rc,m,
w,wg,fh,m,f
bat,wg,pr,m,f
ba,w,m,s,
wa,w,r,ml,f
bt,wm,ifr,m,
wt,w,r,m,f
w,w,fam,m,
b,w,mu,m,
w,t,tb,m,
wy,m,go,m,
y,m,mo,m,
ct,w,r,m,
cy,m,tr,m,
c,wr,tr,sm,fo
wn,w,fh,m,o
cb,wm,fr,m,
cbt,wm,ir,m,
wc,w,fb,m,
t,w,rbh,m,f
t,w,tc,m,
c,w,n,sm,f
ca,fp,ut,ml,
ca,m,rf,m,o
ya,m,io,s,f
a,fp,oua,sm,
cb,w,tf,m,f
w,wg,fh,m,
w,fp,moag,s,f
w,f,nbm,ml,
wt,w,na,ml,f
wa,f,nbm,ml,
wb,m,ibmr,ml,
w,f,nb,l,
wt,w,oam,l,
wa,f,no,sm,
wa,w,t,sm,
wac,w,ru,sm,
ba,t,mr,ml,
cb,w,ir,ml,f
w,t,mo,sm,
b,w,mn,m,f
cb,w,mo,ml,f
t,w,mo,s,f
bt,wul,o,s,
ca,o,rbf,s,
w,w,ht,s,
t,o,rm,s,
wc,w,tac,l,f
wc,w,mo,l,f
w,w,ft,l,
wt,n,o,l,
b,twl,om,ml,
w,w,t,m,
b,tw,mo,sm,
w,t,mo,s,
b,t,mo,s,
wt,f,mo,sm,
a,f,o,m,
a,f,mo,m,
m,f,ma,l,
carwoy,f,mbaof,m,
tb,pmk,ub,m,
nw,wf,tbc,lm,f
ct,wf,nbao,m,
t,w,mn,sm,
w,w,mu,s,
ty,wm,mg,s,
cat,wf,ir,m,f
wac,w,r,sm,f
ca,wf,ou,l,
ca,wr,tar,sm,f
wc,wm,mg,l,f
a,e,mi,ml,o
c,w,nb,m,
t,w,tfc,l,f
bac,w,r,l,l
c,w,tbfr,m,f
b,w,ft,s,
wt,w,tc,sm,f
cw,w,r,s,
b,w,f,s,
wt,wn,rt,s,
w,fm,mo,s,f
ca,ulm,mb,s,
wt,wf,t,s,
ct,w,i,s,
tb,xm,r,s,o
w,w,f,s,
wa,wm,mo,s,
cb,m,m,s,
c,w,mn,sm,
wy,b,mg,sm,f
c,w,mn,lm,
ca,w,uhf,sm,
ca,w,i,m,
w,wm,uf,m,
wc,w,ru,m,
wbc,w,t,m,
ba,m,mo,m,
ba,m,tfr,m,
a,ulm,mo,sm,
b,ulmd,mo,sm,
b,ulm,mo,sm,
n,fm,mb,s,
w,ym,o,sm,
b,yw,mo,sm,
b,fm,mo,sm,
a,lu,o,sm,
c,w,ifr,m,
a,f,u,m,o
a,f,u,lm,o
a,f,,lm,o
a,q,mu,s,
ca,w,mu,m,
c,wm,mi,l,
n,tw,mahf,sm,
t,w,na,ml,
b,tg,ou,sm,
wn,wf,mo,sm,
ab,w,ifc,ml,
ab,wm,ifc,l,
ab,,ir,s,
a,m,mo,s,
wy,m,mn,s,f
y,m,mn,s,
a,m,mo,l,fo
cat,k,ou,ml,fo
cat,d,ut,ml,o
a,d,ut,ml,o
y,mf,u,sm,o
n,mf,u,sm,o
w,dm,m,sm,o
wyn,pz,mo,m,
a,m,m,ml,o
a,o,m,m,o
ba,m,mo,sm,o
cat,m,o,sm,o
ba,m,t,sm,o
wa,js,ur,lm,
wn,js,mo,lm,
wat,p,rb,m,
nymr,js,tf,s,f
wb,jz,mf,s,f
tynp,p,tf,s,
baw,p0,mo,s,
wan,jzs,mo,sm,f
wa,jzs,mo,sm,f
wanb,p,mu,ml,
wyt,1,mg,ml,f
t,j,o,m,
wb,js,mf,s,
wroynm,js,ut,l,
c,w,mu,sm,o
ca,d,ta,sm,o
n,i,ta,sm,o
